{"stats":{"minecraft:killed":{"minecraft:sheep":1},"minecraft:picked_up":{"oonomod:oono_wall":2,"oonomod:oono_sword":1,"oonomod:oono_block":16,"oonomod:oono_pickaxe":1,"minecraft:gunpowder":2,"minecraft:white_wool":1,"minecraft:cobblestone":38},"minecraft:dropped":{"oonomod:oono_pickaxe":1,"oonomod:oono_wall":2,"oonomod:oono_sword":1},"minecraft:custom":{"minecraft:time_since_rest":24704,"minecraft:crouch_one_cm":926,"minecraft:sprint_one_cm":6840,"minecraft:play_time":24704,"minecraft:walk_one_cm":39604,"minecraft:sneak_time":273,"minecraft:mob_kills":12,"minecraft:drop":4,"minecraft:jump":88,"minecraft:damage_dealt":1192,"minecraft:leave_game":29,"minecraft:time_since_death":24704,"minecraft:total_world_time":26666,"minecraft:fly_one_cm":18871},"minecraft:used":{"minecraft:diamond_pickaxe":8,"minecraft:lava_bucket":1,"oonomod:deepslate_oono_ore":10,"oonomod:oono_ore":13,"minecraft:netherite_pickaxe":6,"oonomod:oono_pickaxe":41,"oonomod:oono_block":18,"oonomod:oono_sword":11,"minecraft:stone":75,"oonomod:oono_wall":12},"minecraft:mined":{"oonomod:oono_block":16,"minecraft:stone":38}},"DataVersion":2865}