{"stats":{"minecraft:picked_up":{"oonomod:oono_ingot":1,"minecraft:coal":128},"minecraft:custom":{"minecraft:open_chest":12,"minecraft:time_since_rest":109981,"minecraft:sprint_one_cm":177,"minecraft:interact_with_furnace":8,"minecraft:play_time":109981,"minecraft:walk_one_cm":29657,"minecraft:sneak_time":367,"minecraft:drop":1,"minecraft:jump":5,"minecraft:interact_with_blast_furnace":2,"minecraft:leave_game":8,"minecraft:time_since_death":109981,"minecraft:total_world_time":117413,"minecraft:interact_with_crafting_table":10,"minecraft:fly_one_cm":21390},"minecraft:crafted":{"oonomod:oono_ingot":2,"oonomod:oono_sword":1,"oonomod:oono_pickaxe":3,"minecraft:air":0},"minecraft:dropped":{"oonomod:oono_ingot":1},"minecraft:used":{"minecraft:glow_item_frame":3,"oonomod:deepslate_oono_ore":4,"minecraft:crafting_table":2,"minecraft:furnace":2,"minecraft:grass_block":41,"minecraft:blast_furnace":1,"oonomod:oono_ore":6,"oonomod:oono_block":4,"minecraft:chest":2,"oonomod:oono_wall":12}},"DataVersion":2865}